Workbook

Sheet 📋 Cover
B2: 🐟 AquaID — QA Test Report
B3: Quality Assurance | Manual Testing | Full Module Coverage
B5: Project | C5: AquaID – Freshwater Fish Identification Web App
B6: Version | C6: 1.0.0
B7: Prepared By | C7: Tilesha Madulantha
B8: Test Type | C8: Manual Functional Testing
B9: Test Date | C9: February 2026
B10: Environment | C10: Web (Chrome/Firefox) – Local & Production
B11: Test Tool | C11: Manual — Browser DevTools, Postman (API)
B12: Total Test Cases | C12: =COUNTA('📝 Test Cases'!A:A)-1 -> 58
B13: Total Bugs | C13: =COUNTA('🐞 Bug Reports'!A:A)-1 -> 21
B15: MODULE COVERAGE
B16: Authentication | C16: Login, Signup, Forgot Password, Google SSO
B17: Fish Identification | C17: Image upload, AI identification, Article generation
B18: My Aquarium | C18: Add, view, edit notes, filter, remove fish
B19: Compare Fish | C19: Select fish, side-by-side comparison table
B20: Explore & Articles | C20: Browse articles, search, article detail, audio
B21: Nearby Aquariums | C21: Google Maps, geolocation, radius filter, markers
B22: Profile | C22: Display name update, email update, logout

Sheet 📝 Test Cases
A1: AquaID — Test Cases
A2: TC ID | B2: Module | C2: Test Case Title | D2: Preconditions | E2: Test Steps | F2: Expected Result | G2: Priority | H2: Type | I2: Status
A3: TC-AUTH-001 | B3: Authentication | C3: Valid email & password login | D3: User is registered; app is accessible | E3: 1. Navigate to /login 2. Enter valid email 3. Enter correct password 4. Click 'Sign in' | F3: User is redirected to home page; toast shows 'Login successful' | G3: High | H3: Positive | I3: Pass
A4: TC-AUTH-002 | B4: Authentication | C4: Login with invalid password | D4: User account exists | E4: 1. Navigate to /login 2. Enter valid email 3. Enter wrong password 4. Click 'Sign in' | F4: Error toast shows 'Invalid email or password'; user stays on login page | G4: High | H4: Negative | I4: Pass
A5: TC-AUTH-003 | B5: Authentication | C5: Login with unregistered email | D5: App is accessible | E5: 1. Navigate to /login 2. Enter email that has no account 3. Enter any password 4. Click 'Sign in' | F5: Error toast is displayed; user stays on login page | G5: High | H5: Negative | I5: Pass
A6: TC-AUTH-004 | B6: Authentication | C6: Login with empty fields | D6: App is accessible | E6: 1. Navigate to /login 2. Leave both fields empty 3. Click 'Sign in' | F6: Inline validation errors shown for email and password fields | G6: Medium | H6: Negative | I6: Pass
A7: TC-AUTH-005 | B7: Authentication | C7: Login with invalid email format | D7: App is accessible | E7: 1. Navigate to /login 2. Enter 'notanemail' 3. Enter any password 4. Click 'Sign in' | F7: Inline error: 'Please enter a valid email address' | G7: Medium | H7: Negative | I7: Pass
A8: TC-AUTH-006 | B8: Authentication | C8: Password field masks characters | D8: App is accessible | E8: 1. Navigate to /login 2. Type in password field 3. Observe characters displayed | F8: Characters appear as dots/asterisks; input type is 'password' | G8: Medium | H8: UI | I8: Pass
A9: TC-AUTH-007 | B9: Authentication | C9: Google SSO login | D9: Valid Google account exists; browser allows popups | E9: 1. Navigate to /login 2. Click 'Sign in with Google' 3. Complete Google OAuth flow | F9: User is redirected to home; toast shows 'Logged in with Google' | G9: High | H9: Positive | I9: Pass
A10: TC-AUTH-008 | B10: Authentication | C10: New account signup – valid data | D10: Email is not registered | E10: 1. Navigate to /signup 2. Enter valid email, password ≥6 chars, matching confirm password 3. Click 'Sign Up' | F10: Account created; user redirected to home; toast: 'Account created' | G10: High | H10: Positive | I10: Pass
A11: TC-AUTH-009 | B11: Authentication | C11: Signup – password mismatch | D11: App is accessible | E11: 1. Navigate to /signup 2. Enter password and different confirmPassword 3. Click 'Sign Up' | F11: Inline error: 'Passwords don't match' | G11: High | H11: Negative | I11: Pass
A12: TC-AUTH-010 | B12: Authentication | C12: Signup – password too short | D12: App is accessible | E12: 1. Navigate to /signup 2. Enter password with fewer than 6 characters 3. Click 'Sign Up' | F12: Inline error: 'Password must be at least 6 characters' | G12: Medium | H12: Negative | I12: Pass
A13: TC-AUTH-011 | B13: Authentication | C13: Signup – duplicate email | D13: Email is already registered | E13: 1. Navigate to /signup 2. Enter email already in use 3. Click 'Sign Up' | F13: Toast error: 'Email is already in use' | G13: High | H13: Negative | I13: Pass
... A59: TC-PRF-007 | B59: Profile | C59: Avatar / initials display | D59: User is logged in; displayName set | E59: 1. Navigate to /profile 2. Observe avatar area | F59: Avatar shows user photo (if Google SSO) or first-letter initials | G59: Low | H59: UI | I59: Pass

Sheet 🐞 Bug Reports
A1: AquaID — Bug Reports
A2: Bug ID | B2: Module | C2: Bug Title | D2: Steps to Reproduce | E2: Actual Result | F2: Expected Result | G2: Severity | H2: Priority | I2: Status | J2: Linked TC
A3: BUG-001 | B3: Authentication | C3: No error shown for blank login submission | D3: 1. Go to /login 2. Leave fields empty 3. Click 'Sign in' | E3: Button becomes disabled; no validation message displayed | F3: Inline validation errors should appear for both email and password fields | G3: Minor | H3: High | I3: Open | J3: TC-AUTH-004
A4: BUG-002 | B4: Authentication | C4: Forgot password does not indicate result for unregistered email | D4: 1. Go to /forgot-password 2. Enter non-registered email 3. Submit | E4: Unclear feedback — user cannot tell if email was sent or not | F4: A message should confirm whether the email was sent (or show error for unknown address) | G4: Minor | H4: Medium | I4: Open | J4: TC-AUTH-013
A5: BUG-003 | B5: Authentication | C5: Google SSO popup blocked in certain browsers | D5: 1. Open in Safari with strict popup settings 2. Click 'Sign in with Google' | E5: Popup silently blocked; no user feedback | F5: Error toast should explain popup is blocked and guide user to allow it | G5: Minor | H5: Medium | I5: Open | J5: TC-AUTH-007
A6: BUG-004 | B6: Fish Identification | C6: Unsupported file types can be uploaded (no client-side restriction) | D6: 1. Go to / 2. Click upload area 3. Select a .pdf file | E6: File is accepted and sent to server; server returns 500 error | F6: Client should restrict file selection to image types (jpg, png, webp) only | G6: Major | H6: High | I6: Open | J6: TC-ID-003
A7: BUG-005 | B7: Fish Identification | C7: No feedback during long AI identification wait | D7: 1. Upload a valid fish image 2. Click Identify | E7: Loading spinner shown but no progress text; user may think app is frozen after 5+ seconds | F7: Progress message (e.g., 'Analysing image…') should reassure user during delay | G7: Minor | H7: Low | I7: Open | J7: TC-ID-001
A8: BUG-006 | B8: Fish Identification | C8: App crashes with blank white screen when offline during identification | D8: 1. Disable network 2. Upload image 3. Click Identify | E8: App throws unhandled promise rejection; white screen displayed | F8: Graceful error message: 'No internet connection. Please check your network.' | G8: Critical | H8: Critical | I8: Open | J8: TC-ID-008
A9: BUG-007 | B9: Fish Identification | C9: Large images (>5MB) cause slow/failed identification with no user message | D9: 1. Upload fish image >5MB 2. Click Identify | E9: Request times out silently; spinner continues indefinitely | F9: File size should be validated before upload; user shown a size limit message | G9: Major | H9: High | I9: Open | J9: TC-ID-009
A10: BUG-008 | B10: My Aquarium | C10: No confirmation dialog before removing fish | D10: 1. Navigate to /my-aquarium 2. Click trash icon on any fish card | E10: Fish is immediately deleted without confirmation | F10: A confirmation dialog should appear: 'Are you sure you want to remove this fish?' | G10: Minor | H10: Medium | I10: Open | J10: TC-AQ-005
A11: BUG-009 | B11: My Aquarium | C11: Fish notes not visible in card after save (UI not refreshed) | D11: 1. Edit notes for a fish 2. Save 3. Close dialog | E11: Toast shows success but card body still shows old/empty notes text | F11: Notes should update in the card immediately after saving | G11: Major | H11: High | I11: Open | J11: TC-AQ-004
A12: BUG-010 | B12: My Aquarium | C12: Filter tab resets to 'all' on page refresh | D12: 1. Select filter tab 'Beginner' 2. Refresh page | E12: Filter resets to 'all'; selected filter not persisted | F12: Filter state should be persisted (session or URL param) across refreshes | G12: Trivial | H12: Low | I12: Open | J12: TC-AQ-006
A13: BUG-011 | B13: Compare Fish | C13: Same fish can be selected for both comparison slots | D13: 1. Go to /compare 2. Select Fish A in slot 1 and Fish A in slot 2 3. Click Compare | E13: Comparison table shows identical data side-by-side with no warning | F13: System should prevent selecting the same fish in both slots or show a warning | G13: Minor | H13: Medium | I13: Open | J13: TC-CMP-006
... A22: BUG-020 | B22: Profile | C22: Avatar shows broken image for Google users with expired photo URL | D22: 1. Log in with Google 2. Navigate to /profile 3. Observe avatar | E22: Broken image icon shown when Google photo URL expires | F22: Fallback to initials avatar when photo URL fails to load | G22: Minor | H22: Low | I22: Open | J22: TC-PRF-007

Sheet 📊 Test Summary
B2: AquaID — Test Summary Report
B3: Manual QA Execution Results | All Modules | February 2026
B5: 📈 OVERALL EXECUTION METRICS
A6: Metric | B6: Value
B7: Total Test Cases Designed | C7: =COUNTA('📝 Test Cases'!A:A)-2 -> 57
B8: Total Test Cases Executed | C8: =COUNTIF('📝 Test Cases'!I:I,"Pass")+COUNTIF('📝 Test Cases'!I:I,"Fail")+COUNTIF('📝 Test Cases'!I:I,"Blocked") -> 48
B9: Not Tested | C9: =COUNTIF('📝 Test Cases'!I:I,"Not Tested") -> 9
B10: Passed | C10: =COUNTIF('📝 Test Cases'!I:I,"Pass") -> 48
B11: Failed | C11: =COUNTIF('📝 Test Cases'!I:I,"Fail") -> 0
B12: Blocked | C12: =COUNTIF('📝 Test Cases'!I:I,"Blocked") -> 0
B13: Pass Rate (%) | C13: =IFERROR(COUNTIF('📝 Test Cases'!I:I,"Pass")/(COUNTIF('📝 Test Cases'!I:I,"Pass")+COUNTIF('📝 Test Cases'!I:I,"Fail"))*100,0) -> 100
B14: Total Bugs Raised | C14: =COUNTA('🐞 Bug Reports'!A:A)-2 -> 20
B16: 🐞 BUG SEVERITY BREAKDOWN
A17: Severity | B17: Count
B18: 🔴 Critical | C18: =COUNTIF('🐞 Bug Reports'!G:G,"Critical") -> 1
B19: 🟠 Major | C19: =COUNTIF('🐞 Bug Reports'!G:G,"Major") -> 6
B20: 🟡 Minor | C20: =COUNTIF('🐞 Bug Reports'!G:G,"Minor") -> 12
B21: 🟢 Trivial | C21: =COUNTIF('🐞 Bug Reports'!G:G,"Trivial") -> 1
B23: 🗂️ RESULTS BY MODULE
A24: Module | B24: TCs Designed | C24: Passed | D24: Not Tested
B25: Authentication | C25: =COUNTIF('📝 Test Cases'!B:B,"Authentication") -> 14 | D25: =COUNTIFS('📝 Test Cases'!B:B,"Authentication",'📝 Test Cases'!I:I,"Pass") -> 13 | E25: =COUNTIFS('📝 Test Cases'!B:B,"Authentication",'📝 Test Cases'!I:I,"Not Tested") -> 1
B26: Fish Identification | C26: =COUNTIF('📝 Test Cases'!B:B,"Fish Identification") -> 9 | D26: =COUNTIFS('📝 Test Cases'!B:B,"Fish Identification",'📝 Test Cases'!I:I,"Pass") -> 6 | E26: =COUNTIFS('📝 Test Cases'!B:B,"Fish Identification",'📝 Test Cases'!I:I,"Not Tested") -> 3
B27: My Aquarium | C27: =COUNTIF('📝 Test Cases'!B:B,"My Aquarium") -> 7 | D27: =COUNTIFS('📝 Test Cases'!B:B,"My Aquarium",'📝 Test Cases'!I:I,"Pass") -> 6 | E27: =COUNTIFS('📝 Test Cases'!B:B,"My Aquarium",'📝 Test Cases'!I:I,"Not Tested") -> 1
B28: Compare Fish | C28: =COUNTIF('📝 Test Cases'!B:B,"Compare Fish") -> 6 | D28: =COUNTIFS('📝 Test Cases'!B:B,"Compare Fish",'📝 Test Cases'!I:I,"Pass") -> 5 | E28: =COUNTIFS('📝 Test Cases'!B:B,"Compare Fish",'📝 Test Cases'!I:I,"Not Tested") -> 1
B29: Explore & Articles | C29: =COUNTIF('📝 Test Cases'!B:B,"Explore & Articles") -> 7 | D29: =COUNTIFS('📝 Test Cases'!B:B,"Explore & Articles",'📝 Test Cases'!I:I,"Pass") -> 5 | E29: =COUNTIFS('📝 Test Cases'!B:B,"Explore & Articles",'📝 Test Cases'!I:I,"Not Tested") -> 2
B30: Nearby Aquariums | C30: =COUNTIF('📝 Test Cases'!B:B,"Nearby Aquariums") -> 7 | D30: =COUNTIFS('📝 Test Cases'!B:B,"Nearby Aquariums",'📝 Test Cases'!I:I,"Pass") -> 6 | E30: =COUNTIFS('📝 Test Cases'!B:B,"Nearby Aquariums",'📝 Test Cases'!I:I,"Not Tested") -> 1
B31: Profile | C31: =COUNTIF('📝 Test Cases'!B:B,"Profile") -> 7 | D31: =COUNTIFS('📝 Test Cases'!B:B,"Profile",'📝 Test Cases'!I:I,"Pass") -> 7 | E31: =COUNTIFS('📝 Test Cases'!B:B,"Profile",'📝 Test Cases'!I:I,"Not Tested") -> 0
B33: 🔍 KEY FINDINGS & RECOMMENDATIONS
A34: Finding | B34: Detail
B35: CRITICAL – Offline crash | C35: App shows blank white screen during fish identification with no network. Unhandled promise rejection. Immediate fix required.
B36: HIGH – File upload validation missing | C36: No client-side restriction on file type or size for image upload. Non-image files reach the server causing 500 errors.
B37: HIGH – Audio on Safari iOS | C37: Audio player non-functional on Safari iOS — key platform for mobile users. Needs cross-browser audio testing.
B38: HIGH – Google SSO email update | C38: Changing email for Google SSO accounts throws unhandled Firebase error requiring re-authentication. Error not communicated to user.
B39: MEDIUM – Missing empty states | C39: Multiple pages (Articles, Nearby Aquariums) lack empty state UI, showing spinners indefinitely instead of user-friendly 'No data' messages.
B40: MEDIUM – No delete confirmation | C40: Fish removal from My Aquarium is immediate without confirmation. Risk of accidental data loss.
B41: MEDIUM – Map radius slider | C41: Changing search radius on Nearby Aquariums page does not trigger automatic map refresh, creating confusing UX.
B42: LOW – Minor UX improvements | C42: Broken image fallbacks, avatar expiry handling, comparison of duplicate fish, and filter state persistence are low-severity but recommended for polish.
B44: ✅ RELEASE RECOMMENDATION
B45: ⚠️ NOT RECOMMENDED FOR PRODUCTION RELEASE without resolving BUG-006 (offline crash) and BUG-004 (file upload validation). Remaining open bugs are medium-to-low severity and may be tracked for a follow-up patch release. Re-test required after fixes are applied.
